file,line,type,commit,author,date,time,timezone,datetime,depth,length
style.css,1,css,115c1ba5,vcho116055,2025-04-03,21:48:48,-07:00,2025-04-03T21:48:48-07:00,0,5
style.css,2,css,c35feca6,vcho116055,2025-04-11,07:48:52,-07:00,2025-04-11T07:48:52-07:00,0,24
style.css,3,css,f6e1eaa9,vcho116055,2025-04-18,15:11:49,-07:00,2025-04-18T15:11:49-07:00,0,16
style.css,4,css,c35feca6,vcho116055,2025-04-11,07:48:52,-07:00,2025-04-11T07:48:52-07:00,0,19
style.css,5,css,c35feca6,vcho116055,2025-04-11,07:48:52,-07:00,2025-04-11T07:48:52-07:00,0,13
style.css,6,css,f6e1eaa9,vcho116055,2025-04-18,15:11:49,-07:00,2025-04-18T15:11:49-07:00,0,0
style.css,7,css,76ac3638,vcho116055,2025-04-11,04:44:38,-07:00,2025-04-11T04:44:38-07:00,0,0
style.css,8,css,678cd41a,vcho116055,2025-04-11,07:46:18,-07:00,2025-04-11T07:46:18-07:00,0,7
style.css,9,css,c35feca6,vcho116055,2025-04-11,07:48:52,-07:00,2025-04-11T07:48:52-07:00,0,17
style.css,10,css,f6e1eaa9,vcho116055,2025-04-18,15:11:49,-07:00,2025-04-18T15:11:49-07:00,0,0
style.css,11,css,678cd41a,vcho116055,2025-04-11,07:46:18,-07:00,2025-04-11T07:46:18-07:00,0,0
style.css,12,css,678cd41a,vcho116055,2025-04-11,07:46:18,-07:00,2025-04-11T07:46:18-07:00,0,7
style.css,13,css,c35feca6,vcho116055,2025-04-11,07:48:52,-07:00,2025-04-11T07:48:52-07:00,0,17
style.css,14,css,f6e1eaa9,vcho116055,2025-04-18,15:11:49,-07:00,2025-04-18T15:11:49-07:00,0,0
style.css,15,css,678cd41a,vcho116055,2025-04-11,07:46:18,-07:00,2025-04-11T07:46:18-07:00,0,0
style.css,16,css,678cd41a,vcho116055,2025-04-11,07:46:18,-07:00,2025-04-11T07:46:18-07:00,0,4
style.css,17,css,d7091354,vcho116055,2025-04-18,08:25:53,-07:00,2025-04-18T08:25:53-07:00,0,40
style.css,18,css,678cd41a,vcho116055,2025-04-11,07:46:18,-07:00,2025-04-11T07:46:18-07:00,0,13
style.css,19,css,678cd41a,vcho116055,2025-04-11,07:46:18,-07:00,2025-04-11T07:46:18-07:00,0,15
style.css,20,css,532757ac,vcho116055,2025-04-18,12:35:45,-07:00,2025-04-18T12:35:45-07:00,0,16
style.css,21,css,678cd41a,vcho116055,2025-04-11,07:46:18,-07:00,2025-04-11T07:46:18-07:00,0,19
style.css,22,css,532757ac,vcho116055,2025-04-18,12:35:45,-07:00,2025-04-18T12:35:45-07:00,0,44
style.css,23,css,f6e1eaa9,vcho116055,2025-04-18,15:11:49,-07:00,2025-04-18T15:11:49-07:00,0,0
style.css,24,css,678cd41a,vcho116055,2025-04-11,07:46:18,-07:00,2025-04-11T07:46:18-07:00,0,0
style.css,25,css,678cd41a,vcho116055,2025-04-11,07:46:18,-07:00,2025-04-11T07:46:18-07:00,0,6
style.css,26,css,f6e1eaa9,vcho116055,2025-04-18,15:11:49,-07:00,2025-04-18T15:11:49-07:00,0,7
style.css,27,css,f6e1eaa9,vcho116055,2025-04-18,15:11:49,-07:00,2025-04-18T15:11:49-07:00,0,18
style.css,28,css,f6e1eaa9,vcho116055,2025-04-18,15:11:49,-07:00,2025-04-18T15:11:49-07:00,0,14
style.css,29,css,f6e1eaa9,vcho116055,2025-04-18,15:11:49,-07:00,2025-04-18T15:11:49-07:00,0,14
style.css,30,css,c35feca6,vcho116055,2025-04-11,07:48:52,-07:00,2025-04-11T07:48:52-07:00,0,21
style.css,31,css,f6e1eaa9,vcho116055,2025-04-18,15:11:49,-07:00,2025-04-18T15:11:49-07:00,0,0
style.css,32,css,678cd41a,vcho116055,2025-04-11,07:46:18,-07:00,2025-04-11T07:46:18-07:00,0,0
style.css,33,css,678cd41a,vcho116055,2025-04-11,07:46:18,-07:00,2025-04-11T07:46:18-07:00,0,14
style.css,34,css,c35feca6,vcho116055,2025-04-11,07:48:52,-07:00,2025-04-11T07:48:52-07:00,0,26
style.css,35,css,c35feca6,vcho116055,2025-04-11,07:48:52,-07:00,2025-04-11T07:48:52-07:00,0,21
style.css,36,css,c35feca6,vcho116055,2025-04-11,07:48:52,-07:00,2025-04-11T07:48:52-07:00,0,26
style.css,37,css,c35feca6,vcho116055,2025-04-11,07:48:52,-07:00,2025-04-11T07:48:52-07:00,0,38
style.css,38,css,c35feca6,vcho116055,2025-04-11,07:48:52,-07:00,2025-04-11T07:48:52-07:00,0,17
style.css,39,css,f6e1eaa9,vcho116055,2025-04-18,15:11:49,-07:00,2025-04-18T15:11:49-07:00,0,0
style.css,40,css,678cd41a,vcho116055,2025-04-11,07:46:18,-07:00,2025-04-11T07:46:18-07:00,0,0
style.css,41,css,678cd41a,vcho116055,2025-04-11,07:46:18,-07:00,2025-04-11T07:46:18-07:00,0,12
style.css,42,css,678cd41a,vcho116055,2025-04-11,07:46:18,-07:00,2025-04-11T07:46:18-07:00,0,26
style.css,43,css,678cd41a,vcho116055,2025-04-11,07:46:18,-07:00,2025-04-11T07:46:18-07:00,0,21
style.css,44,css,678cd41a,vcho116055,2025-04-11,07:46:18,-07:00,2025-04-11T07:46:18-07:00,0,26
style.css,45,css,678cd41a,vcho116055,2025-04-11,07:46:18,-07:00,2025-04-11T07:46:18-07:00,0,40
style.css,46,css,f6e1eaa9,vcho116055,2025-04-18,15:11:49,-07:00,2025-04-18T15:11:49-07:00,0,0
style.css,47,css,678cd41a,vcho116055,2025-04-11,07:46:18,-07:00,2025-04-11T07:46:18-07:00,0,0
style.css,48,css,678cd41a,vcho116055,2025-04-11,07:46:18,-07:00,2025-04-11T07:46:18-07:00,0,5
style.css,49,css,c35feca6,vcho116055,2025-04-11,07:48:52,-07:00,2025-04-11T07:48:52-07:00,0,34
style.css,50,css,c35feca6,vcho116055,2025-04-11,07:48:52,-07:00,2025-04-11T07:48:52-07:00,0,33
style.css,51,css,f6e1eaa9,vcho116055,2025-04-18,15:11:49,-07:00,2025-04-18T15:11:49-07:00,0,0
style.css,52,css,f6e1eaa9,vcho116055,2025-04-18,15:11:49,-07:00,2025-04-18T15:11:49-07:00,0,0
style.css,53,css,f6e1eaa9,vcho116055,2025-04-18,15:11:49,-07:00,2025-04-18T15:11:49-07:00,0,5
style.css,54,css,f6e1eaa9,vcho116055,2025-04-18,15:11:49,-07:00,2025-04-18T15:11:49-07:00,0,9
style.css,55,css,f6e1eaa9,vcho116055,2025-04-18,15:11:49,-07:00,2025-04-18T15:11:49-07:00,0,20
style.css,56,css,f6e1eaa9,vcho116055,2025-04-18,15:11:49,-07:00,2025-04-18T15:11:49-07:00,0,11
style.css,57,css,f6e1eaa9,vcho116055,2025-04-18,15:11:49,-07:00,2025-04-18T15:11:49-07:00,0,14
style.css,58,css,f6e1eaa9,vcho116055,2025-04-18,15:11:49,-07:00,2025-04-18T15:11:49-07:00,0,15
style.css,59,css,f6e1eaa9,vcho116055,2025-04-18,15:11:49,-07:00,2025-04-18T15:11:49-07:00,0,22
style.css,60,css,f6e1eaa9,vcho116055,2025-04-18,15:11:49,-07:00,2025-04-18T15:11:49-07:00,0,18
style.css,61,css,f6e1eaa9,vcho116055,2025-04-18,15:11:49,-07:00,2025-04-18T15:11:49-07:00,0,22
style.css,62,css,f6e1eaa9,vcho116055,2025-04-18,15:11:49,-07:00,2025-04-18T15:11:49-07:00,0,0
style.css,63,css,d209f5d1,vcho116055,2025-04-11,14:18:04,-07:00,2025-04-11T14:18:04-07:00,0,0
style.css,64,css,f6e1eaa9,vcho116055,2025-04-18,15:11:49,-07:00,2025-04-18T15:11:49-07:00,0,7
style.css,65,css,d209f5d1,vcho116055,2025-04-11,14:18:04,-07:00,2025-04-11T14:18:04-07:00,0,20
style.css,66,css,f6e1eaa9,vcho116055,2025-04-18,15:11:49,-07:00,2025-04-18T15:11:49-07:00,0,11
style.css,67,css,f6e1eaa9,vcho116055,2025-04-18,15:11:49,-07:00,2025-04-18T15:11:49-07:00,0,14
style.css,68,css,f6e1eaa9,vcho116055,2025-04-18,15:11:49,-07:00,2025-04-18T15:11:49-07:00,0,15
style.css,69,css,f6e1eaa9,vcho116055,2025-04-18,15:11:49,-07:00,2025-04-18T15:11:49-07:00,0,37
style.css,70,css,f6e1eaa9,vcho116055,2025-04-18,15:11:49,-07:00,2025-04-18T15:11:49-07:00,0,12
style.css,71,css,f6e1eaa9,vcho116055,2025-04-18,15:11:49,-07:00,2025-04-18T15:11:49-07:00,0,12
style.css,72,css,f6e1eaa9,vcho116055,2025-04-18,15:11:49,-07:00,2025-04-18T15:11:49-07:00,0,18
style.css,73,css,f6e1eaa9,vcho116055,2025-04-18,15:11:49,-07:00,2025-04-18T15:11:49-07:00,0,15
style.css,74,css,f6e1eaa9,vcho116055,2025-04-18,15:11:49,-07:00,2025-04-18T15:11:49-07:00,0,0
style.css,75,css,d209f5d1,vcho116055,2025-04-11,14:18:04,-07:00,2025-04-11T14:18:04-07:00,0,0
style.css,76,css,d209f5d1,vcho116055,2025-04-11,14:18:04,-07:00,2025-04-11T14:18:04-07:00,0,5
style.css,77,css,532757ac,vcho116055,2025-04-18,12:35:45,-07:00,2025-04-18T12:35:45-07:00,0,13
style.css,78,css,532757ac,vcho116055,2025-04-18,12:35:45,-07:00,2025-04-18T12:35:45-07:00,0,8
style.css,79,css,532757ac,vcho116055,2025-04-18,12:35:45,-07:00,2025-04-18T12:35:45-07:00,0,16
style.css,80,css,532757ac,vcho116055,2025-04-18,12:35:45,-07:00,2025-04-18T12:35:45-07:00,0,19
style.css,81,css,f6e1eaa9,vcho116055,2025-04-18,15:11:49,-07:00,2025-04-18T15:11:49-07:00,0,0
style.css,82,css,f6e1eaa9,vcho116055,2025-04-18,15:11:49,-07:00,2025-04-18T15:11:49-07:00,0,0
style.css,83,css,d209f5d1,vcho116055,2025-04-11,14:18:04,-07:00,2025-04-11T14:18:04-07:00,0,6
style.css,84,css,f6e1eaa9,vcho116055,2025-04-18,15:11:49,-07:00,2025-04-18T15:11:49-07:00,0,14
style.css,85,css,532757ac,vcho116055,2025-04-18,12:35:45,-07:00,2025-04-18T12:35:45-07:00,0,20
style.css,86,css,f6e1eaa9,vcho116055,2025-04-18,15:11:49,-07:00,2025-04-18T15:11:49-07:00,0,17
style.css,87,css,f6e1eaa9,vcho116055,2025-04-18,15:11:49,-07:00,2025-04-18T15:11:49-07:00,0,0
style.css,88,css,f6e1eaa9,vcho116055,2025-04-18,15:11:49,-07:00,2025-04-18T15:11:49-07:00,0,0
style.css,89,css,f6e1eaa9,vcho116055,2025-04-18,15:11:49,-07:00,2025-04-18T15:11:49-07:00,0,13
style.css,90,css,f6e1eaa9,vcho116055,2025-04-18,15:11:49,-07:00,2025-04-18T15:11:49-07:00,0,14
style.css,91,css,f6e1eaa9,vcho116055,2025-04-18,15:11:49,-07:00,2025-04-18T15:11:49-07:00,0,21
style.css,92,css,f6e1eaa9,vcho116055,2025-04-18,15:11:49,-07:00,2025-04-18T15:11:49-07:00,0,0
style.css,93,css,a2f3ecb1,vcho116055,2025-04-18,12:27:08,-07:00,2025-04-18T12:27:08-07:00,0,0
style.css,94,css,a2f3ecb1,vcho116055,2025-04-18,12:27:08,-07:00,2025-04-18T12:27:08-07:00,0,19
style.css,95,css,532757ac,vcho116055,2025-04-18,12:35:45,-07:00,2025-04-18T12:35:45-07:00,0,18
style.css,96,css,532757ac,vcho116055,2025-04-18,12:35:45,-07:00,2025-04-18T12:35:45-07:00,0,9
style.css,97,css,532757ac,vcho116055,2025-04-18,12:35:45,-07:00,2025-04-18T12:35:45-07:00,0,11
style.css,98,css,532757ac,vcho116055,2025-04-18,12:35:45,-07:00,2025-04-18T12:35:45-07:00,0,14
style.css,99,css,532757ac,vcho116055,2025-04-18,12:35:45,-07:00,2025-04-18T12:35:45-07:00,0,20
style.css,100,css,f6e1eaa9,vcho116055,2025-04-18,15:11:49,-07:00,2025-04-18T15:11:49-07:00,0,17
style.css,101,css,f6e1eaa9,vcho116055,2025-04-18,15:11:49,-07:00,2025-04-18T15:11:49-07:00,0,11
style.css,102,css,f6e1eaa9,vcho116055,2025-04-18,15:11:49,-07:00,2025-04-18T15:11:49-07:00,0,20
style.css,103,css,f6e1eaa9,vcho116055,2025-04-18,15:11:49,-07:00,2025-04-18T15:11:49-07:00,0,20
style.css,104,css,f6e1eaa9,vcho116055,2025-04-18,15:11:49,-07:00,2025-04-18T15:11:49-07:00,0,0
style.css,105,css,f6e1eaa9,vcho116055,2025-04-18,15:11:49,-07:00,2025-04-18T15:11:49-07:00,0,0
style.css,106,css,2cdd82ed,vcho116055,2025-04-18,11:57:01,-07:00,2025-04-18T11:57:01-07:00,0,9
style.css,107,css,532757ac,vcho116055,2025-04-18,12:35:45,-07:00,2025-04-18T12:35:45-07:00,0,16
style.css,108,css,532757ac,vcho116055,2025-04-18,12:35:45,-07:00,2025-04-18T12:35:45-07:00,0,15
style.css,109,css,f6e1eaa9,vcho116055,2025-04-18,15:11:49,-07:00,2025-04-18T15:11:49-07:00,0,0
style.css,110,css,d209f5d1,vcho116055,2025-04-11,14:18:04,-07:00,2025-04-11T14:18:04-07:00,0,0
style.css,111,css,d209f5d1,vcho116055,2025-04-11,14:18:04,-07:00,2025-04-11T14:18:04-07:00,0,10
style.css,112,css,f6e1eaa9,vcho116055,2025-04-18,15:11:49,-07:00,2025-04-18T15:11:49-07:00,0,13
style.css,113,css,d209f5d1,vcho116055,2025-04-11,14:18:04,-07:00,2025-04-11T14:18:04-07:00,0,59
style.css,114,css,d209f5d1,vcho116055,2025-04-11,14:18:04,-07:00,2025-04-11T14:18:04-07:00,0,8
style.css,115,css,d209f5d1,vcho116055,2025-04-11,14:18:04,-07:00,2025-04-11T14:18:04-07:00,0,18
style.css,116,css,d209f5d1,vcho116055,2025-04-11,14:18:04,-07:00,2025-04-11T14:18:04-07:00,0,0
style.css,117,css,d209f5d1,vcho116055,2025-04-11,14:18:04,-07:00,2025-04-11T14:18:04-07:00,0,0
style.css,118,css,d209f5d1,vcho116055,2025-04-11,14:18:04,-07:00,2025-04-11T14:18:04-07:00,0,20
style.css,119,css,d209f5d1,vcho116055,2025-04-11,14:18:04,-07:00,2025-04-11T14:18:04-07:00,0,13
style.css,120,css,d209f5d1,vcho116055,2025-04-11,14:18:04,-07:00,2025-04-11T14:18:04-07:00,0,27
style.css,121,css,d209f5d1,vcho116055,2025-04-11,14:18:04,-07:00,2025-04-11T14:18:04-07:00,0,16
style.css,122,css,d209f5d1,vcho116055,2025-04-11,14:18:04,-07:00,2025-04-11T14:18:04-07:00,0,0
style.css,123,css,d209f5d1,vcho116055,2025-04-11,14:18:04,-07:00,2025-04-11T14:18:04-07:00,0,0
style.css,124,css,8b3133b3,vcho116055,2025-04-25,20:18:15,-07:00,2025-04-25T20:18:15-07:00,0,13
style.css,125,css,d209f5d1,vcho116055,2025-04-11,14:18:04,-07:00,2025-04-11T14:18:04-07:00,0,9
style.css,126,css,d209f5d1,vcho116055,2025-04-11,14:18:04,-07:00,2025-04-11T14:18:04-07:00,0,0
style.css,127,css,d209f5d1,vcho116055,2025-04-11,14:18:04,-07:00,2025-04-11T14:18:04-07:00,0,0
style.css,128,css,d209f5d1,vcho116055,2025-04-11,14:18:04,-07:00,2025-04-11T14:18:04-07:00,0,3
style.css,129,css,d209f5d1,vcho116055,2025-04-11,14:18:04,-07:00,2025-04-11T14:18:04-07:00,0,15
style.css,130,css,f6e1eaa9,vcho116055,2025-04-18,15:11:49,-07:00,2025-04-18T15:11:49-07:00,0,0
style.css,131,css,7c215754,vcho116055,2025-04-25,20:09:32,-07:00,2025-04-25T20:09:32-07:00,0,0
style.css,132,css,7c215754,vcho116055,2025-04-25,20:09:32,-07:00,2025-04-25T20:09:32-07:00,0,24
style.css,133,css,7c215754,vcho116055,2025-04-25,20:09:32,-07:00,2025-04-25T20:09:32-07:00,0,11
style.css,134,css,7c215754,vcho116055,2025-04-25,20:09:32,-07:00,2025-04-25T20:09:32-07:00,0,12
style.css,135,css,7c215754,vcho116055,2025-04-25,20:09:32,-07:00,2025-04-25T20:09:32-07:00,0,20
style.css,136,css,c49ea9de,vcho116055,2025-05-02,19:21:21,-07:00,2025-05-02T19:21:21-07:00,0,0
style.css,137,css,c49ea9de,vcho116055,2025-05-02,19:21:21,-07:00,2025-05-02T19:21:21-07:00,0,0
style.css,138,css,c49ea9de,vcho116055,2025-05-02,19:21:21,-07:00,2025-05-02T19:21:21-07:00,0,11
style.css,139,css,c49ea9de,vcho116055,2025-05-02,19:21:21,-07:00,2025-05-02T19:21:21-07:00,0,13
style.css,140,css,c49ea9de,vcho116055,2025-05-02,19:21:21,-07:00,2025-05-02T19:21:21-07:00,0,9
style.css,141,css,c49ea9de,vcho116055,2025-05-02,19:21:21,-07:00,2025-05-02T19:21:21-07:00,0,23
style.css,142,css,c49ea9de,vcho116055,2025-05-02,19:21:21,-07:00,2025-05-02T19:21:21-07:00,0,15
style.css,143,css,c49ea9de,vcho116055,2025-05-02,19:21:21,-07:00,2025-05-02T19:21:21-07:00,0,0
style.css,144,css,c49ea9de,vcho116055,2025-05-02,19:21:21,-07:00,2025-05-02T19:21:21-07:00,0,0
style.css,145,css,c49ea9de,vcho116055,2025-05-02,19:21:21,-07:00,2025-05-02T19:21:21-07:00,0,19
style.css,146,css,c49ea9de,vcho116055,2025-05-02,19:21:21,-07:00,2025-05-02T19:21:21-07:00,0,15
style.css,147,css,c49ea9de,vcho116055,2025-05-02,19:21:21,-07:00,2025-05-02T19:21:21-07:00,0,17
style.css,148,css,c49ea9de,vcho116055,2025-05-02,19:21:21,-07:00,2025-05-02T19:21:21-07:00,0,17
style.css,149,css,c49ea9de,vcho116055,2025-05-02,19:21:21,-07:00,2025-05-02T19:21:21-07:00,0,0
style.css,150,css,c49ea9de,vcho116055,2025-05-02,19:21:21,-07:00,2025-05-02T19:21:21-07:00,0,0
style.css,151,css,c49ea9de,vcho116055,2025-05-02,19:21:21,-07:00,2025-05-02T19:21:21-07:00,0,8
style.css,152,css,0091bd5b,vcho116055,2025-05-02,19:29:50,-07:00,2025-05-02T19:29:50-07:00,0,13
style.css,153,css,0091bd5b,vcho116055,2025-05-02,19:29:50,-07:00,2025-05-02T19:29:50-07:00,0,15
style.css,154,css,c49ea9de,vcho116055,2025-05-02,19:21:21,-07:00,2025-05-02T19:21:21-07:00,0,9
style.css,155,css,c49ea9de,vcho116055,2025-05-02,19:21:21,-07:00,2025-05-02T19:21:21-07:00,0,22
style.css,156,css,c49ea9de,vcho116055,2025-05-02,19:21:21,-07:00,2025-05-02T19:21:21-07:00,0,13
style.css,157,css,c49ea9de,vcho116055,2025-05-02,19:21:21,-07:00,2025-05-02T19:21:21-07:00,0,17
style.css,158,css,0091bd5b,vcho116055,2025-05-02,19:29:50,-07:00,2025-05-02T19:29:50-07:00,0,16
style.css,159,css,c49ea9de,vcho116055,2025-05-02,19:21:21,-07:00,2025-05-02T19:21:21-07:00,0,0
style.css,160,css,c49ea9de,vcho116055,2025-05-02,19:21:21,-07:00,2025-05-02T19:21:21-07:00,0,0
style.css,161,css,c49ea9de,vcho116055,2025-05-02,19:21:21,-07:00,2025-05-02T19:21:21-07:00,0,11
style.css,162,css,c49ea9de,vcho116055,2025-05-02,19:21:21,-07:00,2025-05-02T19:21:21-07:00,0,13
style.css,163,css,c49ea9de,vcho116055,2025-05-02,19:21:21,-07:00,2025-05-02T19:21:21-07:00,0,19
style.css,164,css,9aa74474,vcho116055,2025-05-02,19:55:19,-07:00,2025-05-02T19:55:19-07:00,0,11
style.css,165,css,c49ea9de,vcho116055,2025-05-02,19:21:21,-07:00,2025-05-02T19:21:21-07:00,0,12
style.css,166,css,c49ea9de,vcho116055,2025-05-02,19:21:21,-07:00,2025-05-02T19:21:21-07:00,0,0
style.css,167,css,c49ea9de,vcho116055,2025-05-02,19:21:21,-07:00,2025-05-02T19:21:21-07:00,0,0
style.css,168,css,c49ea9de,vcho116055,2025-05-02,19:21:21,-07:00,2025-05-02T19:21:21-07:00,0,19
style.css,169,css,9aa74474,vcho116055,2025-05-02,19:55:19,-07:00,2025-05-02T19:55:19-07:00,0,11
style.css,170,css,c49ea9de,vcho116055,2025-05-02,19:21:21,-07:00,2025-05-02T19:21:21-07:00,0,18
style.css,171,css,c49ea9de,vcho116055,2025-05-02,19:21:21,-07:00,2025-05-02T19:21:21-07:00,0,19
style.css,172,css,c49ea9de,vcho116055,2025-05-02,19:21:21,-07:00,2025-05-02T19:21:21-07:00,0,24
style.css,173,css,0091bd5b,vcho116055,2025-05-02,19:29:50,-07:00,2025-05-02T19:29:50-07:00,0,18
style.css,174,css,c49ea9de,vcho116055,2025-05-02,19:21:21,-07:00,2025-05-02T19:21:21-07:00,0,0
style.css,175,css,c49ea9de,vcho116055,2025-05-02,19:21:21,-07:00,2025-05-02T19:21:21-07:00,0,0
style.css,176,css,c49ea9de,vcho116055,2025-05-02,19:21:21,-07:00,2025-05-02T19:21:21-07:00,0,37
style.css,177,css,9aa74474,vcho116055,2025-05-02,19:55:19,-07:00,2025-05-02T19:55:19-07:00,0,12
style.css,178,css,c49ea9de,vcho116055,2025-05-02,19:21:21,-07:00,2025-05-02T19:21:21-07:00,0,0
style.css,179,css,c49ea9de,vcho116055,2025-05-02,19:21:21,-07:00,2025-05-02T19:21:21-07:00,0,0
style.css,180,css,c49ea9de,vcho116055,2025-05-02,19:21:21,-07:00,2025-05-02T19:21:21-07:00,0,5
style.css,181,css,c49ea9de,vcho116055,2025-05-02,19:21:21,-07:00,2025-05-02T19:21:21-07:00,0,17
style.css,182,css,c49ea9de,vcho116055,2025-05-02,19:21:21,-07:00,2025-05-02T19:21:21-07:00,0,15
style.css,183,css,c49ea9de,vcho116055,2025-05-02,19:21:21,-07:00,2025-05-02T19:21:21-07:00,0,0
style.css,184,css,c49ea9de,vcho116055,2025-05-02,19:21:21,-07:00,2025-05-02T19:21:21-07:00,0,0
style.css,185,css,9aa74474,vcho116055,2025-05-02,19:55:19,-07:00,2025-05-02T19:55:19-07:00,0,6
style.css,186,css,9aa74474,vcho116055,2025-05-02,19:55:19,-07:00,2025-05-02T19:55:19-07:00,0,18
style.css,187,css,9aa74474,vcho116055,2025-05-02,19:55:19,-07:00,2025-05-02T19:55:19-07:00,0,35
style.css,188,css,9aa74474,vcho116055,2025-05-02,19:55:19,-07:00,2025-05-02T19:55:19-07:00,0,0
style.css,189,css,9aa74474,vcho116055,2025-05-02,19:55:19,-07:00,2025-05-02T19:55:19-07:00,0,0
style.css,190,css,abd28a2f,vcho116055,2025-05-02,19:50:22,-07:00,2025-05-02T19:50:22-07:00,0,10
style.css,191,css,abd28a2f,vcho116055,2025-05-02,19:50:22,-07:00,2025-05-02T19:50:22-07:00,0,25
style.css,192,css,c49ea9de,vcho116055,2025-05-02,19:21:21,-07:00,2025-05-02T19:21:21-07:00,0,0
style.css,193,css,c49ea9de,vcho116055,2025-05-02,19:21:21,-07:00,2025-05-02T19:21:21-07:00,0,0
style.css,194,css,abd28a2f,vcho116055,2025-05-02,19:50:22,-07:00,2025-05-02T19:50:22-07:00,0,19
style.css,195,css,abd28a2f,vcho116055,2025-05-02,19:50:22,-07:00,2025-05-02T19:50:22-07:00,0,18
style.css,196,css,c49ea9de,vcho116055,2025-05-02,19:21:21,-07:00,2025-05-02T19:21:21-07:00,0,0
style.css,197,css,c49ea9de,vcho116055,2025-05-02,19:21:21,-07:00,2025-05-02T19:21:21-07:00,0,0
style.css,198,css,abd28a2f,vcho116055,2025-05-02,19:50:22,-07:00,2025-05-02T19:50:22-07:00,0,25
style.css,199,css,abd28a2f,vcho116055,2025-05-02,19:50:22,-07:00,2025-05-02T19:50:22-07:00,0,24
style.css,200,css,fbcfa752,vcho116055,2025-05-10,15:01:55,-07:00,2025-05-10T15:01:55-07:00,0,0
style.css,201,css,fbcfa752,vcho116055,2025-05-10,15:01:55,-07:00,2025-05-10T15:01:55-07:00,0,0
style.css,202,css,fbcfa752,vcho116055,2025-05-10,15:01:55,-07:00,2025-05-10T15:01:55-07:00,0,18
style.css,203,css,fbcfa752,vcho116055,2025-05-10,15:01:55,-07:00,2025-05-10T15:01:55-07:00,0,12
style.css,204,css,fbcfa752,vcho116055,2025-05-10,15:01:55,-07:00,2025-05-10T15:01:55-07:00,0,37
style.css,205,css,fbcfa752,vcho116055,2025-05-10,15:01:55,-07:00,2025-05-10T15:01:55-07:00,0,15
style.css,206,css,fbcfa752,vcho116055,2025-05-10,15:01:55,-07:00,2025-05-10T15:01:55-07:00,0,19
style.css,207,css,fbcfa752,vcho116055,2025-05-10,15:01:55,-07:00,2025-05-10T15:01:55-07:00,0,0
style.css,208,css,fbcfa752,vcho116055,2025-05-10,15:01:55,-07:00,2025-05-10T15:01:55-07:00,0,11
style.css,209,css,fbcfa752,vcho116055,2025-05-10,15:01:55,-07:00,2025-05-10T15:01:55-07:00,0,40
style.css,210,css,fbcfa752,vcho116055,2025-05-10,15:01:55,-07:00,2025-05-10T15:01:55-07:00,0,11
style.css,211,css,fbcfa752,vcho116055,2025-05-10,15:01:55,-07:00,2025-05-10T15:01:55-07:00,0,22
style.css,212,css,fbcfa752,vcho116055,2025-05-10,15:01:55,-07:00,2025-05-10T15:01:55-07:00,0,0
style.css,213,css,fbcfa752,vcho116055,2025-05-10,15:01:55,-07:00,2025-05-10T15:01:55-07:00,0,8
style.css,214,css,fbcfa752,vcho116055,2025-05-10,15:01:55,-07:00,2025-05-10T15:01:55-07:00,0,14
style.css,215,css,fbcfa752,vcho116055,2025-05-10,15:01:55,-07:00,2025-05-10T15:01:55-07:00,0,34
style.css,216,css,fbcfa752,vcho116055,2025-05-10,15:01:55,-07:00,2025-05-10T15:01:55-07:00,0,25
style.css,217,css,fbcfa752,vcho116055,2025-05-10,15:01:55,-07:00,2025-05-10T15:01:55-07:00,0,17
style.css,218,css,fbcfa752,vcho116055,2025-05-10,15:01:55,-07:00,2025-05-10T15:01:55-07:00,0,18
style.css,219,css,fbcfa752,vcho116055,2025-05-10,15:01:55,-07:00,2025-05-10T15:01:55-07:00,0,38
style.css,220,css,fbcfa752,vcho116055,2025-05-10,15:01:55,-07:00,2025-05-10T15:01:55-07:00,0,10
style.css,221,css,fbcfa752,vcho116055,2025-05-10,15:01:55,-07:00,2025-05-10T15:01:55-07:00,0,27
style.css,222,css,fbcfa752,vcho116055,2025-05-10,15:01:55,-07:00,2025-05-10T15:01:55-07:00,0,0
style.css,223,css,fbcfa752,vcho116055,2025-05-10,15:01:55,-07:00,2025-05-10T15:01:55-07:00,0,44
style.css,224,css,fbcfa752,vcho116055,2025-05-10,15:01:55,-07:00,2025-05-10T15:01:55-07:00,0,0
style.css,225,css,fbcfa752,vcho116055,2025-05-10,15:01:55,-07:00,2025-05-10T15:01:55-07:00,0,6
style.css,226,css,fbcfa752,vcho116055,2025-05-10,15:01:55,-07:00,2025-05-10T15:01:55-07:00,0,16
style.css,227,css,fbcfa752,vcho116055,2025-05-10,15:01:55,-07:00,2025-05-10T15:01:55-07:00,0,23
style.css,228,css,fbcfa752,vcho116055,2025-05-10,15:01:55,-07:00,2025-05-10T15:01:55-07:00,0,22
style.css,229,css,fbcfa752,vcho116055,2025-05-10,15:01:55,-07:00,2025-05-10T15:01:55-07:00,0,0
style.css,230,css,fbcfa752,vcho116055,2025-05-10,15:01:55,-07:00,2025-05-10T15:01:55-07:00,0,38
style.css,231,css,fbcfa752,vcho116055,2025-05-10,15:01:55,-07:00,2025-05-10T15:01:55-07:00,0,0
style.css,232,css,fbcfa752,vcho116055,2025-05-10,15:01:55,-07:00,2025-05-10T15:01:55-07:00,0,29
style.css,233,css,fbcfa752,vcho116055,2025-05-10,15:01:55,-07:00,2025-05-10T15:01:55-07:00,0,66
index.html,1,html,bf55535d,vcho116055,2025-04-25,20:21:26,-07:00,2025-04-25T20:21:26-07:00,0,5
index.html,2,html,bf55535d,vcho116055,2025-04-25,20:21:26,-07:00,2025-04-25T20:21:26-07:00,0,21
index.html,3,html,bf55535d,vcho116055,2025-04-25,20:21:26,-07:00,2025-04-25T20:21:26-07:00,0,69
index.html,4,html,bf55535d,vcho116055,2025-04-25,20:21:26,-07:00,2025-04-25T20:21:26-07:00,0,54
index.html,5,html,bf55535d,vcho116055,2025-04-25,20:21:26,-07:00,2025-04-25T20:21:26-07:00,0,24
index.html,6,html,bf55535d,vcho116055,2025-04-25,20:21:26,-07:00,2025-04-25T20:21:26-07:00,0,52
index.html,7,html,bf55535d,vcho116055,2025-04-25,20:21:26,-07:00,2025-04-25T20:21:26-07:00,0,57
index.html,8,html,bf55535d,vcho116055,2025-04-25,20:21:26,-07:00,2025-04-25T20:21:26-07:00,0,6
index.html,9,html,f934c425,vcho116055,2025-04-03,17:07:17,-07:00,2025-04-03T17:07:17-07:00,0,5
index.html,10,html,bf55535d,vcho116055,2025-04-25,20:21:26,-07:00,2025-04-25T20:21:26-07:00,0,19
index.html,11,html,bf55535d,vcho116055,2025-04-25,20:21:26,-07:00,2025-04-25T20:21:26-07:00,0,51
index.html,12,html,bf55535d,vcho116055,2025-04-25,20:21:26,-07:00,2025-04-25T20:21:26-07:00,0,90
index.html,13,html,7c215754,vcho116055,2025-04-25,20:09:32,-07:00,2025-04-25T20:09:32-07:00,0,0
index.html,14,html,631341e6,vcho116055,2025-04-25,20:30:55,-07:00,2025-04-25T20:30:55-07:00,0,23
index.html,15,html,631341e6,vcho116055,2025-04-25,20:30:55,-07:00,2025-04-25T20:30:55-07:00,0,5
index.html,16,html,631341e6,vcho116055,2025-04-25,20:30:55,-07:00,2025-04-25T20:30:55-07:00,0,0
index.html,17,html,bf55535d,vcho116055,2025-04-25,20:21:26,-07:00,2025-04-25T20:21:26-07:00,0,27
index.html,18,html,7c215754,vcho116055,2025-04-25,20:09:32,-07:00,2025-04-25T20:09:32-07:00,0,0
index.html,19,html,bf55535d,vcho116055,2025-04-25,20:21:26,-07:00,2025-04-25T20:21:26-07:00,0,21
index.html,20,html,631341e6,vcho116055,2025-04-25,20:30:55,-07:00,2025-04-25T20:30:55-07:00,0,81
index.html,21,html,7c215754,vcho116055,2025-04-25,20:09:32,-07:00,2025-04-25T20:09:32-07:00,0,0
index.html,22,html,bf55535d,vcho116055,2025-04-25,20:21:26,-07:00,2025-04-25T20:21:26-07:00,0,30
index.html,23,html,bf55535d,vcho116055,2025-04-25,20:21:26,-07:00,2025-04-25T20:21:26-07:00,0,61
index.html,24,html,d354113d,vcho116055,2025-04-25,20:43:18,-07:00,2025-04-25T20:43:18-07:00,0,60
index.html,25,html,a9f33dc3,vcho116055,2025-04-25,20:45:57,-07:00,2025-04-25T20:45:57-07:00,0,43
index.html,26,html,a9f33dc3,vcho116055,2025-04-25,20:45:57,-07:00,2025-04-25T20:45:57-07:00,0,41
index.html,27,html,a9f33dc3,vcho116055,2025-04-25,20:45:57,-07:00,2025-04-25T20:45:57-07:00,0,49
index.html,28,html,bf55535d,vcho116055,2025-04-25,20:21:26,-07:00,2025-04-25T20:21:26-07:00,0,0
index.html,29,html,bf55535d,vcho116055,2025-04-25,20:21:26,-07:00,2025-04-25T20:21:26-07:00,0,0
index.html,30,html,7c215754,vcho116055,2025-04-25,20:09:32,-07:00,2025-04-25T20:09:32-07:00,0,0
index.html,31,html,631341e6,vcho116055,2025-04-25,20:30:55,-07:00,2025-04-25T20:30:55-07:00,0,33
index.html,32,html,631341e6,vcho116055,2025-04-25,20:30:55,-07:00,2025-04-25T20:30:55-07:00,0,61
index.html,33,html,d354113d,vcho116055,2025-04-25,20:43:18,-07:00,2025-04-25T20:43:18-07:00,0,54
index.html,34,html,631341e6,vcho116055,2025-04-25,20:30:55,-07:00,2025-04-25T20:30:55-07:00,0,32
index.html,35,html,631341e6,vcho116055,2025-04-25,20:30:55,-07:00,2025-04-25T20:30:55-07:00,0,25
index.html,36,html,631341e6,vcho116055,2025-04-25,20:30:55,-07:00,2025-04-25T20:30:55-07:00,0,20
index.html,37,html,631341e6,vcho116055,2025-04-25,20:30:55,-07:00,2025-04-25T20:30:55-07:00,0,3
index.html,38,html,631341e6,vcho116055,2025-04-25,20:30:55,-07:00,2025-04-25T20:30:55-07:00,0,56
index.html,39,html,631341e6,vcho116055,2025-04-25,20:30:55,-07:00,2025-04-25T20:30:55-07:00,0,56
index.html,40,html,631341e6,vcho116055,2025-04-25,20:30:55,-07:00,2025-04-25T20:30:55-07:00,0,50
index.html,41,html,631341e6,vcho116055,2025-04-25,20:30:55,-07:00,2025-04-25T20:30:55-07:00,0,50
index.html,42,html,631341e6,vcho116055,2025-04-25,20:30:55,-07:00,2025-04-25T20:30:55-07:00,0,4
index.html,43,html,631341e6,vcho116055,2025-04-25,20:30:55,-07:00,2025-04-25T20:30:55-07:00,0,1
index.html,44,html,631341e6,vcho116055,2025-04-25,20:30:55,-07:00,2025-04-25T20:30:55-07:00,0,0
index.html,45,html,631341e6,vcho116055,2025-04-25,20:30:55,-07:00,2025-04-25T20:30:55-07:00,0,0
index.html,46,html,631341e6,vcho116055,2025-04-25,20:30:55,-07:00,2025-04-25T20:30:55-07:00,0,0
index.html,47,html,bf55535d,vcho116055,2025-04-25,20:21:26,-07:00,2025-04-25T20:21:26-07:00,0,14
index.html,48,html,631341e6,vcho116055,2025-04-25,20:30:55,-07:00,2025-04-25T20:30:55-07:00,0,17
index.html,49,html,bf55535d,vcho116055,2025-04-25,20:21:26,-07:00,2025-04-25T20:21:26-07:00,0,8
index.html,50,html,bf55535d,vcho116055,2025-04-25,20:21:26,-07:00,2025-04-25T20:21:26-07:00,0,6
index.html,51,html,631341e6,vcho116055,2025-04-25,20:30:55,-07:00,2025-04-25T20:30:55-07:00,0,6
global.js,1,js,c49ea9de,vcho116055,2025-05-02,19:21:21,-07:00,2025-05-02T19:21:21-07:00,0,25
global.js,2,js,19cfebb4,vcho116055,2025-04-17,14:57:05,-07:00,2025-04-17T14:57:05-07:00,0,0
global.js,3,js,19cfebb4,vcho116055,2025-04-17,14:57:05,-07:00,2025-04-17T14:57:05-07:00,0,42
global.js,4,js,c49ea9de,vcho116055,2025-05-02,19:21:21,-07:00,2025-05-02T19:21:21-07:00,0,52
global.js,5,js,d7091354,vcho116055,2025-04-18,08:25:53,-07:00,2025-04-18T08:25:53-07:00,0,0
global.js,6,js,d7091354,vcho116055,2025-04-18,08:25:53,-07:00,2025-04-18T08:25:53-07:00,0,0
global.js,7,js,0091f420,vcho116055,2025-04-18,11:44:12,-07:00,2025-04-18T11:44:12-07:00,0,14
global.js,8,js,fbcfa752,vcho116055,2025-05-10,15:01:55,-07:00,2025-05-10T15:01:55-07:00,0,38
global.js,9,js,fbcfa752,vcho116055,2025-05-10,15:01:55,-07:00,2025-05-10T15:01:55-07:00,0,42
global.js,10,js,fbcfa752,vcho116055,2025-05-10,15:01:55,-07:00,2025-05-10T15:01:55-07:00,0,41
global.js,11,js,fbcfa752,vcho116055,2025-05-10,15:01:55,-07:00,2025-05-10T15:01:55-07:00,0,40
global.js,12,js,fbcfa752,vcho116055,2025-05-10,15:01:55,-07:00,2025-05-10T15:01:55-07:00,0,38
global.js,13,js,c49ea9de,vcho116055,2025-05-02,19:21:21,-07:00,2025-05-02T19:21:21-07:00,0,75
global.js,14,js,fbcfa752,vcho116055,2025-05-10,15:01:55,-07:00,2025-05-10T15:01:55-07:00,0,1
global.js,15,js,d7091354,vcho116055,2025-04-18,08:25:53,-07:00,2025-04-18T08:25:53-07:00,0,0
global.js,16,js,c49ea9de,vcho116055,2025-05-02,19:21:21,-07:00,2025-05-02T19:21:21-07:00,0,111
global.js,17,js,0091f420,vcho116055,2025-04-18,11:44:12,-07:00,2025-04-18T11:44:12-07:00,0,0
global.js,18,js,c49ea9de,vcho116055,2025-05-02,19:21:21,-07:00,2025-05-02T19:21:21-07:00,0,50
global.js,19,js,c49ea9de,vcho116055,2025-05-02,19:21:21,-07:00,2025-05-02T19:21:21-07:00,0,40
global.js,20,js,c49ea9de,vcho116055,2025-05-02,19:21:21,-07:00,2025-05-02T19:21:21-07:00,0,25
global.js,21,js,0091f420,vcho116055,2025-04-18,11:44:12,-07:00,2025-04-18T11:44:12-07:00,0,0
global.js,22,js,0091f420,vcho116055,2025-04-18,11:44:12,-07:00,2025-04-18T11:44:12-07:00,0,21
global.js,23,js,c49ea9de,vcho116055,2025-05-02,19:21:21,-07:00,2025-05-02T19:21:21-07:00,0,42
global.js,24,js,c49ea9de,vcho116055,2025-05-02,19:21:21,-07:00,2025-05-02T19:21:21-07:00,0,49
global.js,25,js,c49ea9de,vcho116055,2025-05-02,19:21:21,-07:00,2025-05-02T19:21:21-07:00,0,36
global.js,26,js,c49ea9de,vcho116055,2025-05-02,19:21:21,-07:00,2025-05-02T19:21:21-07:00,0,11
global.js,27,js,c49ea9de,vcho116055,2025-05-02,19:21:21,-07:00,2025-05-02T19:21:21-07:00,0,22
global.js,28,js,c49ea9de,vcho116055,2025-05-02,19:21:21,-07:00,2025-05-02T19:21:21-07:00,0,90
global.js,29,js,c49ea9de,vcho116055,2025-05-02,19:21:21,-07:00,2025-05-02T19:21:21-07:00,0,41
global.js,30,js,c49ea9de,vcho116055,2025-05-02,19:21:21,-07:00,2025-05-02T19:21:21-07:00,0,18
global.js,31,js,c49ea9de,vcho116055,2025-05-02,19:21:21,-07:00,2025-05-02T19:21:21-07:00,0,17
global.js,32,js,0091f420,vcho116055,2025-04-18,11:44:12,-07:00,2025-04-18T11:44:12-07:00,0,0
global.js,33,js,c49ea9de,vcho116055,2025-05-02,19:21:21,-07:00,2025-05-02T19:21:21-07:00,0,17
global.js,34,js,0091f420,vcho116055,2025-04-18,11:44:12,-07:00,2025-04-18T11:44:12-07:00,0,0
global.js,35,js,0091f420,vcho116055,2025-04-18,11:44:12,-07:00,2025-04-18T11:44:12-07:00,0,0
global.js,36,js,c49ea9de,vcho116055,2025-05-02,19:21:21,-07:00,2025-05-02T19:21:21-07:00,0,44
global.js,37,js,c49ea9de,vcho116055,2025-05-02,19:21:21,-07:00,2025-05-02T19:21:21-07:00,0,31
global.js,38,js,c49ea9de,vcho116055,2025-05-02,19:21:21,-07:00,2025-05-02T19:21:21-07:00,0,28
global.js,39,js,0091f420,vcho116055,2025-04-18,11:44:12,-07:00,2025-04-18T11:44:12-07:00,0,0
global.js,40,js,c49ea9de,vcho116055,2025-05-02,19:21:21,-07:00,2025-05-02T19:21:21-07:00,0,46
global.js,41,js,c49ea9de,vcho116055,2025-05-02,19:21:21,-07:00,2025-05-02T19:21:21-07:00,0,25
global.js,42,js,0091f420,vcho116055,2025-04-18,11:44:12,-07:00,2025-04-18T11:44:12-07:00,0,0
global.js,43,js,0091f420,vcho116055,2025-04-18,11:44:12,-07:00,2025-04-18T11:44:12-07:00,0,16
global.js,44,js,c49ea9de,vcho116055,2025-05-02,19:21:21,-07:00,2025-05-02T19:21:21-07:00,0,44
global.js,45,js,c49ea9de,vcho116055,2025-05-02,19:21:21,-07:00,2025-05-02T19:21:21-07:00,0,34
global.js,46,js,c49ea9de,vcho116055,2025-05-02,19:21:21,-07:00,2025-05-02T19:21:21-07:00,0,31
global.js,47,js,c49ea9de,vcho116055,2025-05-02,19:21:21,-07:00,2025-05-02T19:21:21-07:00,0,0
global.js,48,js,0091f420,vcho116055,2025-04-18,11:44:12,-07:00,2025-04-18T11:44:12-07:00,0,0
global.js,49,js,0091f420,vcho116055,2025-04-18,11:44:12,-07:00,2025-04-18T11:44:12-07:00,0,25
global.js,50,js,c49ea9de,vcho116055,2025-05-02,19:21:21,-07:00,2025-05-02T19:21:21-07:00,0,46
global.js,51,js,c49ea9de,vcho116055,2025-05-02,19:21:21,-07:00,2025-05-02T19:21:21-07:00,0,23
global.js,52,js,c49ea9de,vcho116055,2025-05-02,19:21:21,-07:00,2025-05-02T19:21:21-07:00,0,29
global.js,53,js,c49ea9de,vcho116055,2025-05-02,19:21:21,-07:00,2025-05-02T19:21:21-07:00,0,25
global.js,54,js,0091f420,vcho116055,2025-04-18,11:44:12,-07:00,2025-04-18T11:44:12-07:00,0,0
global.js,55,js,0091f420,vcho116055,2025-04-18,11:44:12,-07:00,2025-04-18T11:44:12-07:00,0,0
global.js,56,js,c49ea9de,vcho116055,2025-05-02,19:21:21,-07:00,2025-05-02T19:21:21-07:00,0,24
global.js,57,js,c49ea9de,vcho116055,2025-05-02,19:21:21,-07:00,2025-05-02T19:21:21-07:00,0,58
global.js,58,js,0091f420,vcho116055,2025-04-18,11:44:12,-07:00,2025-04-18T11:44:12-07:00,0,0
global.js,59,js,c49ea9de,vcho116055,2025-05-02,19:21:21,-07:00,2025-05-02T19:21:21-07:00,0,32
global.js,60,js,c49ea9de,vcho116055,2025-05-02,19:21:21,-07:00,2025-05-02T19:21:21-07:00,0,64
global.js,61,js,c49ea9de,vcho116055,2025-05-02,19:21:21,-07:00,2025-05-02T19:21:21-07:00,0,31
global.js,62,js,c49ea9de,vcho116055,2025-05-02,19:21:21,-07:00,2025-05-02T19:21:21-07:00,0,19
global.js,63,js,d7091354,vcho116055,2025-04-18,08:25:53,-07:00,2025-04-18T08:25:53-07:00,0,0
global.js,64,js,d7091354,vcho116055,2025-04-18,08:25:53,-07:00,2025-04-18T08:25:53-07:00,0,0
global.js,65,js,c49ea9de,vcho116055,2025-05-02,19:21:21,-07:00,2025-05-02T19:21:21-07:00,0,74
global.js,66,js,c49ea9de,vcho116055,2025-05-02,19:21:21,-07:00,2025-05-02T19:21:21-07:00,0,0
global.js,67,js,c49ea9de,vcho116055,2025-05-02,19:21:21,-07:00,2025-05-02T19:21:21-07:00,0,68
global.js,68,js,c49ea9de,vcho116055,2025-05-02,19:21:21,-07:00,2025-05-02T19:21:21-07:00,0,1
global.js,69,js,fa39814b,vcho116055,2025-04-25,17:10:54,-07:00,2025-04-25T17:10:54-07:00,0,0
global.js,70,js,fa39814b,vcho116055,2025-04-25,17:10:54,-07:00,2025-04-25T17:10:54-07:00,0,37
global.js,71,js,c49ea9de,vcho116055,2025-05-02,19:21:21,-07:00,2025-05-02T19:21:21-07:00,0,25
global.js,72,js,c49ea9de,vcho116055,2025-05-02,19:21:21,-07:00,2025-05-02T19:21:21-07:00,0,51
global.js,73,js,c49ea9de,vcho116055,2025-05-02,19:21:21,-07:00,2025-05-02T19:21:21-07:00,0,14
global.js,74,js,b9b24c6c,vcho116055,2025-04-25,18:29:11,-07:00,2025-04-25T18:29:11-07:00,0,0
global.js,75,js,b9b24c6c,vcho116055,2025-04-25,18:29:11,-07:00,2025-04-25T18:29:11-07:00,0,0
global.js,76,js,3fb12031,vcho116055,2025-04-25,18:35:07,-07:00,2025-04-25T18:35:07-07:00,0,59
global.js,77,js,c49ea9de,vcho116055,2025-05-02,19:21:21,-07:00,2025-05-02T19:21:21-07:00,0,30
global.js,78,js,b9b24c6c,vcho116055,2025-04-25,18:29:11,-07:00,2025-04-25T18:29:11-07:00,0,32
global.js,79,js,c49ea9de,vcho116055,2025-05-02,19:21:21,-07:00,2025-05-02T19:21:21-07:00,0,48
global.js,80,js,b9b24c6c,vcho116055,2025-04-25,18:29:11,-07:00,2025-04-25T18:29:11-07:00,0,20
global.js,81,js,08209565,vcho116055,2025-05-02,18:38:00,-07:00,2025-05-02T18:38:00-07:00,0,24
global.js,82,js,08209565,vcho116055,2025-05-02,18:38:00,-07:00,2025-05-02T18:38:00-07:00,0,50
global.js,83,js,c49ea9de,vcho116055,2025-05-02,19:21:21,-07:00,2025-05-02T19:21:21-07:00,0,4
global.js,84,js,c49ea9de,vcho116055,2025-05-02,19:21:21,-07:00,2025-05-02T19:21:21-07:00,0,28
global.js,85,js,c49ea9de,vcho116055,2025-05-02,19:21:21,-07:00,2025-05-02T19:21:21-07:00,0,34
global.js,86,js,c49ea9de,vcho116055,2025-05-02,19:21:21,-07:00,2025-05-02T19:21:21-07:00,0,6
global.js,87,js,c49ea9de,vcho116055,2025-05-02,19:21:21,-07:00,2025-05-02T19:21:21-07:00,0,36
global.js,88,js,b9b24c6c,vcho116055,2025-04-25,18:29:11,-07:00,2025-04-25T18:29:11-07:00,0,0
global.js,89,js,631341e6,vcho116055,2025-04-25,20:30:55,-07:00,2025-04-25T20:30:55-07:00,0,0
global.js,90,js,631341e6,vcho116055,2025-04-25,20:30:55,-07:00,2025-04-25T20:30:55-07:00,0,0
global.js,91,js,631341e6,vcho116055,2025-04-25,20:30:55,-07:00,2025-04-25T20:30:55-07:00,0,48
global.js,92,js,c49ea9de,vcho116055,2025-05-02,19:21:21,-07:00,2025-05-02T19:21:21-07:00,0,59
global.js,93,js,08209565,vcho116055,2025-05-02,18:38:00,-07:00,2025-05-02T18:38:00-07:00,0,0
projects\index.html,1,html,115c1ba5,vcho116055,2025-04-03,21:48:48,-07:00,2025-04-03T21:48:48-07:00,0,15
projects\index.html,2,html,115c1ba5,vcho116055,2025-04-03,21:48:48,-07:00,2025-04-03T21:48:48-07:00,0,5
projects\index.html,3,html,c49ea9de,vcho116055,2025-05-02,19:21:21,-07:00,2025-05-02T19:21:21-07:00,0,21
projects\index.html,4,html,c49ea9de,vcho116055,2025-05-02,19:21:21,-07:00,2025-05-02T19:21:21-07:00,0,66
projects\index.html,5,html,c49ea9de,vcho116055,2025-05-02,19:21:21,-07:00,2025-05-02T19:21:21-07:00,0,36
projects\index.html,6,html,c49ea9de,vcho116055,2025-05-02,19:21:21,-07:00,2025-05-02T19:21:21-07:00,0,33
projects\index.html,7,html,c49ea9de,vcho116055,2025-05-02,19:21:21,-07:00,2025-05-02T19:21:21-07:00,0,50
projects\index.html,8,html,c49ea9de,vcho116055,2025-05-02,19:21:21,-07:00,2025-05-02T19:21:21-07:00,0,63
projects\index.html,9,html,115c1ba5,vcho116055,2025-04-03,21:48:48,-07:00,2025-04-03T21:48:48-07:00,0,6
projects\index.html,10,html,115c1ba5,vcho116055,2025-04-03,21:48:48,-07:00,2025-04-03T21:48:48-07:00,0,5
projects\index.html,11,html,c49ea9de,vcho116055,2025-05-02,19:21:21,-07:00,2025-05-02T19:21:21-07:00,0,16
projects\index.html,12,html,c49ea9de,vcho116055,2025-05-02,19:21:21,-07:00,2025-05-02T19:21:21-07:00,0,0
projects\index.html,13,html,c49ea9de,vcho116055,2025-05-02,19:21:21,-07:00,2025-05-02T19:21:21-07:00,0,22
projects\index.html,14,html,33f4a027,vcho116055,2025-05-02,19:11:06,-07:00,2025-05-02T19:11:06-07:00,0,59
projects\index.html,15,html,33f4a027,vcho116055,2025-05-02,19:11:06,-07:00,2025-05-02T19:11:06-07:00,0,23
projects\index.html,16,html,33f4a027,vcho116055,2025-05-02,19:11:06,-07:00,2025-05-02T19:11:06-07:00,0,5
projects\index.html,17,html,c49ea9de,vcho116055,2025-05-02,19:21:21,-07:00,2025-05-02T19:21:21-07:00,0,0
projects\index.html,18,html,c49ea9de,vcho116055,2025-05-02,19:21:21,-07:00,2025-05-02T19:21:21-07:00,0,101
projects\index.html,19,html,c49ea9de,vcho116055,2025-05-02,19:21:21,-07:00,2025-05-02T19:21:21-07:00,0,0
projects\index.html,20,html,c49ea9de,vcho116055,2025-05-02,19:21:21,-07:00,2025-05-02T19:21:21-07:00,0,27
projects\index.html,21,html,115c1ba5,vcho116055,2025-04-03,21:48:48,-07:00,2025-04-03T21:48:48-07:00,0,6
projects\index.html,22,html,115c1ba5,vcho116055,2025-04-03,21:48:48,-07:00,2025-04-03T21:48:48-07:00,0,6
meta\index.html,1,html,00000000,Not Committed Yet,2025-05-10,15:46:21,-07:00,2025-05-10T15:46:21-07:00,0,16
meta\index.html,2,html,00000000,Not Committed Yet,2025-05-10,15:46:21,-07:00,2025-05-10T15:46:21-07:00,0,5
meta\index.html,3,html,00000000,Not Committed Yet,2025-05-10,15:46:21,-07:00,2025-05-10T15:46:21-07:00,0,23
meta\index.html,4,html,00000000,Not Committed Yet,2025-05-10,15:46:21,-07:00,2025-05-10T15:46:21-07:00,0,69
meta\index.html,5,html,00000000,Not Committed Yet,2025-05-10,15:46:21,-07:00,2025-05-10T15:46:21-07:00,0,46
meta\index.html,6,html,00000000,Not Committed Yet,2025-05-10,15:46:21,-07:00,2025-05-10T15:46:21-07:00,0,0
meta\index.html,7,html,00000000,Not Committed Yet,2025-05-10,15:46:21,-07:00,2025-05-10T15:46:21-07:00,0,29
meta\index.html,8,html,00000000,Not Committed Yet,2025-05-10,15:46:21,-07:00,2025-05-10T15:46:21-07:00,0,52
meta\index.html,9,html,00000000,Not Committed Yet,2025-05-10,15:46:21,-07:00,2025-05-10T15:46:21-07:00,0,60
meta\index.html,10,html,00000000,Not Committed Yet,2025-05-10,15:46:21,-07:00,2025-05-10T15:46:21-07:00,0,6
meta\index.html,11,html,00000000,Not Committed Yet,2025-05-10,15:46:21,-07:00,2025-05-10T15:46:21-07:00,0,0
meta\index.html,12,html,00000000,Not Committed Yet,2025-05-10,15:46:21,-07:00,2025-05-10T15:46:21-07:00,0,5
meta\index.html,13,html,00000000,Not Committed Yet,2025-05-10,15:46:21,-07:00,2025-05-10T15:46:21-07:00,0,32
meta\index.html,14,html,00000000,Not Committed Yet,2025-05-10,15:46:21,-07:00,2025-05-10T15:46:21-07:00,0,81
meta\index.html,15,html,00000000,Not Committed Yet,2025-05-10,15:46:21,-07:00,2025-05-10T15:46:21-07:00,0,72
meta\index.html,16,html,00000000,Not Committed Yet,2025-05-10,15:46:21,-07:00,2025-05-10T15:46:21-07:00,0,0
meta\index.html,17,html,00000000,Not Committed Yet,2025-05-10,15:46:21,-07:00,2025-05-10T15:46:21-07:00,0,21
meta\index.html,18,html,00000000,Not Committed Yet,2025-05-10,15:46:21,-07:00,2025-05-10T15:46:21-07:00,0,0
meta\index.html,19,html,00000000,Not Committed Yet,2025-05-10,15:46:21,-07:00,2025-05-10T15:46:21-07:00,0,30
meta\index.html,20,html,00000000,Not Committed Yet,2025-05-10,15:46:21,-07:00,2025-05-10T15:46:21-07:00,0,46
meta\index.html,21,html,00000000,Not Committed Yet,2025-05-10,15:46:21,-07:00,2025-05-10T15:46:21-07:00,0,21
meta\index.html,22,html,00000000,Not Committed Yet,2025-05-10,15:46:21,-07:00,2025-05-10T15:46:21-07:00,0,46
meta\index.html,23,html,00000000,Not Committed Yet,2025-05-10,15:46:21,-07:00,2025-05-10T15:46:21-07:00,0,0
meta\index.html,24,html,00000000,Not Committed Yet,2025-05-10,15:46:21,-07:00,2025-05-10T15:46:21-07:00,0,51
meta\index.html,25,html,00000000,Not Committed Yet,2025-05-10,15:46:21,-07:00,2025-05-10T15:46:21-07:00,0,63
meta\index.html,26,html,00000000,Not Committed Yet,2025-05-10,15:46:21,-07:00,2025-05-10T15:46:21-07:00,0,38
meta\index.html,27,html,00000000,Not Committed Yet,2025-05-10,15:46:21,-07:00,2025-05-10T15:46:21-07:00,0,38
meta\index.html,28,html,00000000,Not Committed Yet,2025-05-10,15:46:21,-07:00,2025-05-10T15:46:21-07:00,0,42
meta\index.html,29,html,00000000,Not Committed Yet,2025-05-10,15:46:21,-07:00,2025-05-10T15:46:21-07:00,0,47
meta\index.html,30,html,00000000,Not Committed Yet,2025-05-10,15:46:21,-07:00,2025-05-10T15:46:21-07:00,0,4
meta\index.html,31,html,00000000,Not Committed Yet,2025-05-10,15:46:21,-07:00,2025-05-10T15:46:21-07:00,0,6
meta\index.html,32,html,00000000,Not Committed Yet,2025-05-10,15:46:21,-07:00,2025-05-10T15:46:21-07:00,0,6
lib\projects.js,1,js,c49ea9de,vcho116055,2025-05-02,19:21:21,-07:00,2025-05-02T19:21:21-07:00,0,63
lib\projects.js,2,js,c49ea9de,vcho116055,2025-05-02,19:21:21,-07:00,2025-05-02T19:21:21-07:00,0,63
lib\projects.js,3,js,b9b24c6c,vcho116055,2025-04-25,18:29:11,-07:00,2025-04-25T18:29:11-07:00,0,0
lib\projects.js,4,js,c49ea9de,vcho116055,2025-05-02,19:21:21,-07:00,2025-05-02T19:21:21-07:00,0,60
lib\projects.js,5,js,c49ea9de,vcho116055,2025-05-02,19:21:21,-07:00,2025-05-02T19:21:21-07:00,0,42
lib\projects.js,6,js,c49ea9de,vcho116055,2025-05-02,19:21:21,-07:00,2025-05-02T19:21:21-07:00,0,38
lib\projects.js,7,js,c49ea9de,vcho116055,2025-05-02,19:21:21,-07:00,2025-05-02T19:21:21-07:00,0,55
lib\projects.js,8,js,c49ea9de,vcho116055,2025-05-02,19:21:21,-07:00,2025-05-02T19:21:21-07:00,0,16
lib\projects.js,9,js,c49ea9de,vcho116055,2025-05-02,19:21:21,-07:00,2025-05-02T19:21:21-07:00,0,21
lib\projects.js,10,js,c49ea9de,vcho116055,2025-05-02,19:21:21,-07:00,2025-05-02T19:21:21-07:00,0,13
lib\projects.js,11,js,b9b24c6c,vcho116055,2025-04-25,18:29:11,-07:00,2025-04-25T18:29:11-07:00,0,0
lib\projects.js,12,js,c49ea9de,vcho116055,2025-05-02,19:21:21,-07:00,2025-05-02T19:21:21-07:00,0,5
lib\projects.js,13,js,b9b24c6c,vcho116055,2025-04-25,18:29:11,-07:00,2025-04-25T18:29:11-07:00,0,0
lib\projects.js,14,js,c49ea9de,vcho116055,2025-05-02,19:21:21,-07:00,2025-05-02T19:21:21-07:00,0,22
lib\projects.js,15,js,c49ea9de,vcho116055,2025-05-02,19:21:21,-07:00,2025-05-02T19:21:21-07:00,0,53
lib\projects.js,16,js,c49ea9de,vcho116055,2025-05-02,19:21:21,-07:00,2025-05-02T19:21:21-07:00,0,42
lib\projects.js,17,js,c49ea9de,vcho116055,2025-05-02,19:21:21,-07:00,2025-05-02T19:21:21-07:00,0,23
lib\projects.js,18,js,c49ea9de,vcho116055,2025-05-02,19:21:21,-07:00,2025-05-02T19:21:21-07:00,0,0
lib\projects.js,19,js,ac2b32f8,vcho116055,2025-04-25,18:34:20,-07:00,2025-04-25T18:34:20-07:00,0,0
lib\projects.js,20,js,c49ea9de,vcho116055,2025-05-02,19:21:21,-07:00,2025-05-02T19:21:21-07:00,0,33
lib\projects.js,21,js,c49ea9de,vcho116055,2025-05-02,19:21:21,-07:00,2025-05-02T19:21:21-07:00,0,29
lib\projects.js,22,js,c49ea9de,vcho116055,2025-05-02,19:21:21,-07:00,2025-05-02T19:21:21-07:00,0,34
lib\projects.js,23,js,ac2b32f8,vcho116055,2025-04-25,18:34:20,-07:00,2025-04-25T18:34:20-07:00,0,0
lib\projects.js,24,js,c49ea9de,vcho116055,2025-05-02,19:21:21,-07:00,2025-05-02T19:21:21-07:00,0,61
lib\projects.js,25,js,c49ea9de,vcho116055,2025-05-02,19:21:21,-07:00,2025-05-02T19:21:21-07:00,0,74
lib\projects.js,26,js,c49ea9de,vcho116055,2025-05-02,19:21:21,-07:00,2025-05-02T19:21:21-07:00,0,0
lib\projects.js,27,js,c49ea9de,vcho116055,2025-05-02,19:21:21,-07:00,2025-05-02T19:21:21-07:00,0,49
lib\projects.js,28,js,c49ea9de,vcho116055,2025-05-02,19:21:21,-07:00,2025-05-02T19:21:21-07:00,0,41
lib\projects.js,29,js,c49ea9de,vcho116055,2025-05-02,19:21:21,-07:00,2025-05-02T19:21:21-07:00,0,53
lib\projects.js,30,js,c49ea9de,vcho116055,2025-05-02,19:21:21,-07:00,2025-05-02T19:21:21-07:00,0,43
lib\projects.js,31,js,c49ea9de,vcho116055,2025-05-02,19:21:21,-07:00,2025-05-02T19:21:21-07:00,0,0
lib\projects.js,32,js,c49ea9de,vcho116055,2025-05-02,19:21:21,-07:00,2025-05-02T19:21:21-07:00,0,23
lib\projects.js,33,js,c49ea9de,vcho116055,2025-05-02,19:21:21,-07:00,2025-05-02T19:21:21-07:00,0,17
lib\projects.js,34,js,c49ea9de,vcho116055,2025-05-02,19:21:21,-07:00,2025-05-02T19:21:21-07:00,0,12
lib\projects.js,35,js,c49ea9de,vcho116055,2025-05-02,19:21:21,-07:00,2025-05-02T19:21:21-07:00,0,23
lib\projects.js,36,js,c49ea9de,vcho116055,2025-05-02,19:21:21,-07:00,2025-05-02T19:21:21-07:00,0,44
lib\projects.js,37,js,c49ea9de,vcho116055,2025-05-02,19:21:21,-07:00,2025-05-02T19:21:21-07:00,0,1
lib\projects.js,38,js,c49ea9de,vcho116055,2025-05-02,19:21:21,-07:00,2025-05-02T19:21:21-07:00,0,0
lib\projects.js,39,js,c49ea9de,vcho116055,2025-05-02,19:21:21,-07:00,2025-05-02T19:21:21-07:00,0,23
lib\projects.js,40,js,c49ea9de,vcho116055,2025-05-02,19:21:21,-07:00,2025-05-02T19:21:21-07:00,0,22
lib\projects.js,41,js,c49ea9de,vcho116055,2025-05-02,19:21:21,-07:00,2025-05-02T19:21:21-07:00,0,37
lib\projects.js,42,js,c49ea9de,vcho116055,2025-05-02,19:21:21,-07:00,2025-05-02T19:21:21-07:00,0,31
lib\projects.js,43,js,c49ea9de,vcho116055,2025-05-02,19:21:21,-07:00,2025-05-02T19:21:21-07:00,0,44
lib\projects.js,44,js,c49ea9de,vcho116055,2025-05-02,19:21:21,-07:00,2025-05-02T19:21:21-07:00,0,1
lib\projects.js,45,js,c49ea9de,vcho116055,2025-05-02,19:21:21,-07:00,2025-05-02T19:21:21-07:00,0,0
lib\projects.js,46,js,c49ea9de,vcho116055,2025-05-02,19:21:21,-07:00,2025-05-02T19:21:21-07:00,0,0
lib\projects.js,47,js,c49ea9de,vcho116055,2025-05-02,19:21:21,-07:00,2025-05-02T19:21:21-07:00,0,35
lib\projects.js,48,js,3c9bdc9c,vcho116055,2025-05-02,19:34:23,-07:00,2025-05-02T19:34:23-07:00,0,43
lib\projects.js,49,js,3c9bdc9c,vcho116055,2025-05-02,19:34:23,-07:00,2025-05-02T19:34:23-07:00,0,87
lib\projects.js,50,js,3c9bdc9c,vcho116055,2025-05-02,19:34:23,-07:00,2025-05-02T19:34:23-07:00,0,92
lib\projects.js,51,js,3c9bdc9c,vcho116055,2025-05-02,19:34:23,-07:00,2025-05-02T19:34:23-07:00,0,15
lib\projects.js,52,js,3c9bdc9c,vcho116055,2025-05-02,19:34:23,-07:00,2025-05-02T19:34:23-07:00,0,19
lib\projects.js,53,js,3c9bdc9c,vcho116055,2025-05-02,19:34:23,-07:00,2025-05-02T19:34:23-07:00,0,24
lib\projects.js,54,js,3c9bdc9c,vcho116055,2025-05-02,19:34:23,-07:00,2025-05-02T19:34:23-07:00,0,74
lib\projects.js,55,js,c49ea9de,vcho116055,2025-05-02,19:21:21,-07:00,2025-05-02T19:21:21-07:00,0,42
lib\projects.js,56,js,c49ea9de,vcho116055,2025-05-02,19:21:21,-07:00,2025-05-02T19:21:21-07:00,0,0
lib\projects.js,57,js,c49ea9de,vcho116055,2025-05-02,19:21:21,-07:00,2025-05-02T19:21:21-07:00,0,0
lib\projects.js,58,js,c49ea9de,vcho116055,2025-05-02,19:21:21,-07:00,2025-05-02T19:21:21-07:00,0,43
lib\projects.js,59,js,c49ea9de,vcho116055,2025-05-02,19:21:21,-07:00,2025-05-02T19:21:21-07:00,0,35
lib\projects.js,60,js,c49ea9de,vcho116055,2025-05-02,19:21:21,-07:00,2025-05-02T19:21:21-07:00,0,127
lib\projects.js,61,js,c49ea9de,vcho116055,2025-05-02,19:21:21,-07:00,2025-05-02T19:21:21-07:00,0,42
lib\projects.js,62,js,c49ea9de,vcho116055,2025-05-02,19:21:21,-07:00,2025-05-02T19:21:21-07:00,0,23
lib\projects.js,63,js,c49ea9de,vcho116055,2025-05-02,19:21:21,-07:00,2025-05-02T19:21:21-07:00,0,1
lib\projects.js,64,js,c49ea9de,vcho116055,2025-05-02,19:21:21,-07:00,2025-05-02T19:21:21-07:00,0,0
lib\projects.js,65,js,c49ea9de,vcho116055,2025-05-02,19:21:21,-07:00,2025-05-02T19:21:21-07:00,0,28
lib\projects.js,66,js,c49ea9de,vcho116055,2025-05-02,19:21:21,-07:00,2025-05-02T19:21:21-07:00,0,21
lib\projects.js,67,js,c49ea9de,vcho116055,2025-05-02,19:21:21,-07:00,2025-05-02T19:21:21-07:00,0,79
lib\projects.js,68,js,c49ea9de,vcho116055,2025-05-02,19:21:21,-07:00,2025-05-02T19:21:21-07:00,0,0
cv\index.html,1,html,115c1ba5,vcho116055,2025-04-03,21:48:48,-07:00,2025-04-03T21:48:48-07:00,0,14
cv\index.html,2,html,115c1ba5,vcho116055,2025-04-03,21:48:48,-07:00,2025-04-03T21:48:48-07:00,0,15
cv\index.html,3,html,115c1ba5,vcho116055,2025-04-03,21:48:48,-07:00,2025-04-03T21:48:48-07:00,0,5
cv\index.html,4,html,115c1ba5,vcho116055,2025-04-03,21:48:48,-07:00,2025-04-03T21:48:48-07:00,0,21
cv\index.html,5,html,115c1ba5,vcho116055,2025-04-03,21:48:48,-07:00,2025-04-03T21:48:48-07:00,0,69
cv\index.html,6,html,115c1ba5,vcho116055,2025-04-03,21:48:48,-07:00,2025-04-03T21:48:48-07:00,0,33
cv\index.html,7,html,4e8ccabe,vcho116055,2025-04-25,19:25:53,-07:00,2025-04-25T19:25:53-07:00,0,52
cv\index.html,8,html,10c75588,vcho116055,2025-04-25,19:35:43,-07:00,2025-04-25T19:35:43-07:00,0,57
cv\index.html,9,html,115c1ba5,vcho116055,2025-04-03,21:48:48,-07:00,2025-04-03T21:48:48-07:00,0,6
cv\index.html,10,html,115c1ba5,vcho116055,2025-04-03,21:48:48,-07:00,2025-04-03T21:48:48-07:00,0,5
cv\index.html,11,html,d7091354,vcho116055,2025-04-18,08:25:53,-07:00,2025-04-18T08:25:53-07:00,0,0
cv\index.html,12,html,115c1ba5,vcho116055,2025-04-03,21:48:48,-07:00,2025-04-03T21:48:48-07:00,0,0
cv\index.html,13,html,2f24940a,vcho116055,2025-04-11,13:13:50,-07:00,2025-04-11T13:13:50-07:00,0,14
cv\index.html,14,html,115c1ba5,vcho116055,2025-04-03,21:48:48,-07:00,2025-04-03T21:48:48-07:00,0,0
cv\index.html,15,html,115c1ba5,vcho116055,2025-04-03,21:48:48,-07:00,2025-04-03T21:48:48-07:00,0,8
cv\index.html,16,html,115c1ba5,vcho116055,2025-04-03,21:48:48,-07:00,2025-04-03T21:48:48-07:00,0,17
cv\index.html,17,html,115c1ba5,vcho116055,2025-04-03,21:48:48,-07:00,2025-04-03T21:48:48-07:00,0,56
cv\index.html,18,html,115c1ba5,vcho116055,2025-04-03,21:48:48,-07:00,2025-04-03T21:48:48-07:00,0,9
cv\index.html,19,html,115c1ba5,vcho116055,2025-04-03,21:48:48,-07:00,2025-04-03T21:48:48-07:00,0,0
cv\index.html,20,html,115c1ba5,vcho116055,2025-04-03,21:48:48,-07:00,2025-04-03T21:48:48-07:00,0,8
cv\index.html,21,html,115c1ba5,vcho116055,2025-04-03,21:48:48,-07:00,2025-04-03T21:48:48-07:00,0,18
cv\index.html,22,html,115c1ba5,vcho116055,2025-04-03,21:48:48,-07:00,2025-04-03T21:48:48-07:00,0,0
cv\index.html,23,html,115c1ba5,vcho116055,2025-04-03,21:48:48,-07:00,2025-04-03T21:48:48-07:00,0,8
cv\index.html,24,html,115c1ba5,vcho116055,2025-04-03,21:48:48,-07:00,2025-04-03T21:48:48-07:00,0,41
cv\index.html,25,html,115c1ba5,vcho116055,2025-04-03,21:48:48,-07:00,2025-04-03T21:48:48-07:00,0,32
cv\index.html,26,html,115c1ba5,vcho116055,2025-04-03,21:48:48,-07:00,2025-04-03T21:48:48-07:00,0,3
cv\index.html,27,html,115c1ba5,vcho116055,2025-04-03,21:48:48,-07:00,2025-04-03T21:48:48-07:00,0,59
cv\index.html,28,html,115c1ba5,vcho116055,2025-04-03,21:48:48,-07:00,2025-04-03T21:48:48-07:00,0,75
cv\index.html,29,html,115c1ba5,vcho116055,2025-04-03,21:48:48,-07:00,2025-04-03T21:48:48-07:00,0,47
cv\index.html,30,html,115c1ba5,vcho116055,2025-04-03,21:48:48,-07:00,2025-04-03T21:48:48-07:00,0,62
cv\index.html,31,html,115c1ba5,vcho116055,2025-04-03,21:48:48,-07:00,2025-04-03T21:48:48-07:00,0,4
cv\index.html,32,html,115c1ba5,vcho116055,2025-04-03,21:48:48,-07:00,2025-04-03T21:48:48-07:00,0,9
cv\index.html,33,html,115c1ba5,vcho116055,2025-04-03,21:48:48,-07:00,2025-04-03T21:48:48-07:00,0,0
cv\index.html,34,html,115c1ba5,vcho116055,2025-04-03,21:48:48,-07:00,2025-04-03T21:48:48-07:00,0,8
cv\index.html,35,html,115c1ba5,vcho116055,2025-04-03,21:48:48,-07:00,2025-04-03T21:48:48-07:00,0,41
cv\index.html,36,html,115c1ba5,vcho116055,2025-04-03,21:48:48,-07:00,2025-04-03T21:48:48-07:00,0,32
cv\index.html,37,html,115c1ba5,vcho116055,2025-04-03,21:48:48,-07:00,2025-04-03T21:48:48-07:00,0,3
cv\index.html,38,html,115c1ba5,vcho116055,2025-04-03,21:48:48,-07:00,2025-04-03T21:48:48-07:00,0,66
cv\index.html,39,html,115c1ba5,vcho116055,2025-04-03,21:48:48,-07:00,2025-04-03T21:48:48-07:00,0,60
cv\index.html,40,html,115c1ba5,vcho116055,2025-04-03,21:48:48,-07:00,2025-04-03T21:48:48-07:00,0,71
cv\index.html,41,html,115c1ba5,vcho116055,2025-04-03,21:48:48,-07:00,2025-04-03T21:48:48-07:00,0,4
cv\index.html,42,html,115c1ba5,vcho116055,2025-04-03,21:48:48,-07:00,2025-04-03T21:48:48-07:00,0,9
cv\index.html,43,html,115c1ba5,vcho116055,2025-04-03,21:48:48,-07:00,2025-04-03T21:48:48-07:00,0,0
cv\index.html,44,html,115c1ba5,vcho116055,2025-04-03,21:48:48,-07:00,2025-04-03T21:48:48-07:00,0,8
cv\index.html,45,html,115c1ba5,vcho116055,2025-04-03,21:48:48,-07:00,2025-04-03T21:48:48-07:00,0,62
cv\index.html,46,html,115c1ba5,vcho116055,2025-04-03,21:48:48,-07:00,2025-04-03T21:48:48-07:00,0,31
cv\index.html,47,html,115c1ba5,vcho116055,2025-04-03,21:48:48,-07:00,2025-04-03T21:48:48-07:00,0,3
cv\index.html,48,html,115c1ba5,vcho116055,2025-04-03,21:48:48,-07:00,2025-04-03T21:48:48-07:00,0,87
cv\index.html,49,html,115c1ba5,vcho116055,2025-04-03,21:48:48,-07:00,2025-04-03T21:48:48-07:00,0,64
cv\index.html,50,html,115c1ba5,vcho116055,2025-04-03,21:48:48,-07:00,2025-04-03T21:48:48-07:00,0,4
cv\index.html,51,html,115c1ba5,vcho116055,2025-04-03,21:48:48,-07:00,2025-04-03T21:48:48-07:00,0,9
cv\index.html,52,html,115c1ba5,vcho116055,2025-04-03,21:48:48,-07:00,2025-04-03T21:48:48-07:00,0,9
cv\index.html,53,html,115c1ba5,vcho116055,2025-04-03,21:48:48,-07:00,2025-04-03T21:48:48-07:00,0,0
cv\index.html,54,html,115c1ba5,vcho116055,2025-04-03,21:48:48,-07:00,2025-04-03T21:48:48-07:00,0,8
cv\index.html,55,html,115c1ba5,vcho116055,2025-04-03,21:48:48,-07:00,2025-04-03T21:48:48-07:00,0,16
cv\index.html,56,html,115c1ba5,vcho116055,2025-04-03,21:48:48,-07:00,2025-04-03T21:48:48-07:00,0,8
cv\index.html,57,html,115c1ba5,vcho116055,2025-04-03,21:48:48,-07:00,2025-04-03T21:48:48-07:00,0,44
cv\index.html,58,html,115c1ba5,vcho116055,2025-04-03,21:48:48,-07:00,2025-04-03T21:48:48-07:00,0,126
cv\index.html,59,html,115c1ba5,vcho116055,2025-04-03,21:48:48,-07:00,2025-04-03T21:48:48-07:00,0,103
cv\index.html,60,html,115c1ba5,vcho116055,2025-04-03,21:48:48,-07:00,2025-04-03T21:48:48-07:00,0,9
cv\index.html,61,html,115c1ba5,vcho116055,2025-04-03,21:48:48,-07:00,2025-04-03T21:48:48-07:00,0,9
cv\index.html,62,html,115c1ba5,vcho116055,2025-04-03,21:48:48,-07:00,2025-04-03T21:48:48-07:00,0,0
cv\index.html,63,html,115c1ba5,vcho116055,2025-04-03,21:48:48,-07:00,2025-04-03T21:48:48-07:00,0,8
cv\index.html,64,html,115c1ba5,vcho116055,2025-04-03,21:48:48,-07:00,2025-04-03T21:48:48-07:00,0,24
cv\index.html,65,html,115c1ba5,vcho116055,2025-04-03,21:48:48,-07:00,2025-04-03T21:48:48-07:00,0,3
cv\index.html,66,html,115c1ba5,vcho116055,2025-04-03,21:48:48,-07:00,2025-04-03T21:48:48-07:00,0,76
cv\index.html,67,html,115c1ba5,vcho116055,2025-04-03,21:48:48,-07:00,2025-04-03T21:48:48-07:00,0,99
cv\index.html,68,html,115c1ba5,vcho116055,2025-04-03,21:48:48,-07:00,2025-04-03T21:48:48-07:00,0,177
cv\index.html,69,html,115c1ba5,vcho116055,2025-04-03,21:48:48,-07:00,2025-04-03T21:48:48-07:00,0,4
cv\index.html,70,html,115c1ba5,vcho116055,2025-04-03,21:48:48,-07:00,2025-04-03T21:48:48-07:00,0,9
cv\index.html,71,html,115c1ba5,vcho116055,2025-04-03,21:48:48,-07:00,2025-04-03T21:48:48-07:00,0,0
cv\index.html,72,html,115c1ba5,vcho116055,2025-04-03,21:48:48,-07:00,2025-04-03T21:48:48-07:00,0,8
cv\index.html,73,html,115c1ba5,vcho116055,2025-04-03,21:48:48,-07:00,2025-04-03T21:48:48-07:00,0,21
cv\index.html,74,html,115c1ba5,vcho116055,2025-04-03,21:48:48,-07:00,2025-04-03T21:48:48-07:00,0,3
cv\index.html,75,html,115c1ba5,vcho116055,2025-04-03,21:48:48,-07:00,2025-04-03T21:48:48-07:00,0,142
cv\index.html,76,html,115c1ba5,vcho116055,2025-04-03,21:48:48,-07:00,2025-04-03T21:48:48-07:00,0,69
cv\index.html,77,html,115c1ba5,vcho116055,2025-04-03,21:48:48,-07:00,2025-04-03T21:48:48-07:00,0,4
cv\index.html,78,html,115c1ba5,vcho116055,2025-04-03,21:48:48,-07:00,2025-04-03T21:48:48-07:00,0,9
cv\index.html,79,html,115c1ba5,vcho116055,2025-04-03,21:48:48,-07:00,2025-04-03T21:48:48-07:00,0,0
cv\index.html,80,html,115c1ba5,vcho116055,2025-04-03,21:48:48,-07:00,2025-04-03T21:48:48-07:00,0,6
cv\index.html,81,html,115c1ba5,vcho116055,2025-04-03,21:48:48,-07:00,2025-04-03T21:48:48-07:00,0,6
contact\index.html,1,html,115c1ba5,vcho116055,2025-04-03,21:48:48,-07:00,2025-04-03T21:48:48-07:00,0,14
contact\index.html,2,html,115c1ba5,vcho116055,2025-04-03,21:48:48,-07:00,2025-04-03T21:48:48-07:00,0,15
contact\index.html,3,html,115c1ba5,vcho116055,2025-04-03,21:48:48,-07:00,2025-04-03T21:48:48-07:00,0,5
contact\index.html,4,html,a74ef971,vcho116055,2025-04-18,11:50:17,-07:00,2025-04-18T11:50:17-07:00,0,21
contact\index.html,5,html,a74ef971,vcho116055,2025-04-18,11:50:17,-07:00,2025-04-18T11:50:17-07:00,0,69
contact\index.html,6,html,a74ef971,vcho116055,2025-04-18,11:50:17,-07:00,2025-04-18T11:50:17-07:00,0,54
contact\index.html,7,html,4e8ccabe,vcho116055,2025-04-25,19:25:53,-07:00,2025-04-25T19:25:53-07:00,0,52
contact\index.html,8,html,10c75588,vcho116055,2025-04-25,19:35:43,-07:00,2025-04-25T19:35:43-07:00,0,57
contact\index.html,9,html,115c1ba5,vcho116055,2025-04-03,21:48:48,-07:00,2025-04-03T21:48:48-07:00,0,6
contact\index.html,10,html,115c1ba5,vcho116055,2025-04-03,21:48:48,-07:00,2025-04-03T21:48:48-07:00,0,5
contact\index.html,11,html,a74ef971,vcho116055,2025-04-18,11:50:17,-07:00,2025-04-18T11:50:17-07:00,0,0
contact\index.html,12,html,a74ef971,vcho116055,2025-04-18,11:50:17,-07:00,2025-04-18T11:50:17-07:00,0,15
contact\index.html,13,html,a74ef971,vcho116055,2025-04-18,11:50:17,-07:00,2025-04-18T11:50:17-07:00,0,0
contact\index.html,14,html,a74ef971,vcho116055,2025-04-18,11:50:17,-07:00,2025-04-18T11:50:17-07:00,0,76
contact\index.html,15,html,a74ef971,vcho116055,2025-04-18,11:50:17,-07:00,2025-04-18T11:50:17-07:00,0,6
contact\index.html,16,html,a74ef971,vcho116055,2025-04-18,11:50:17,-07:00,2025-04-18T11:50:17-07:00,0,18
contact\index.html,17,html,f6e1eaa9,vcho116055,2025-04-18,15:11:49,-07:00,2025-04-18T15:11:49-07:00,0,43
contact\index.html,18,html,a74ef971,vcho116055,2025-04-18,11:50:17,-07:00,2025-04-18T11:50:17-07:00,0,7
contact\index.html,19,html,a74ef971,vcho116055,2025-04-18,11:50:17,-07:00,2025-04-18T11:50:17-07:00,0,6
contact\index.html,20,html,a74ef971,vcho116055,2025-04-18,11:50:17,-07:00,2025-04-18T11:50:17-07:00,0,20
contact\index.html,21,html,a74ef971,vcho116055,2025-04-18,11:50:17,-07:00,2025-04-18T11:50:17-07:00,0,35
contact\index.html,22,html,a74ef971,vcho116055,2025-04-18,11:50:17,-07:00,2025-04-18T11:50:17-07:00,0,7
contact\index.html,23,html,a74ef971,vcho116055,2025-04-18,11:50:17,-07:00,2025-04-18T11:50:17-07:00,0,6
contact\index.html,24,html,a74ef971,vcho116055,2025-04-18,11:50:17,-07:00,2025-04-18T11:50:17-07:00,0,20
contact\index.html,25,html,a74ef971,vcho116055,2025-04-18,11:50:17,-07:00,2025-04-18T11:50:17-07:00,0,32
contact\index.html,26,html,a74ef971,vcho116055,2025-04-18,11:50:17,-07:00,2025-04-18T11:50:17-07:00,0,7
contact\index.html,27,html,f6e1eaa9,vcho116055,2025-04-18,15:11:49,-07:00,2025-04-18T15:11:49-07:00,0,20
contact\index.html,28,html,a74ef971,vcho116055,2025-04-18,11:50:17,-07:00,2025-04-18T11:50:17-07:00,0,6
contact\index.html,29,html,a74ef971,vcho116055,2025-04-18,11:50:17,-07:00,2025-04-18T11:50:17-07:00,0,0
contact\index.html,30,html,115c1ba5,vcho116055,2025-04-03,21:48:48,-07:00,2025-04-03T21:48:48-07:00,0,6
contact\index.html,31,html,115c1ba5,vcho116055,2025-04-03,21:48:48,-07:00,2025-04-03T21:48:48-07:00,0,6
